test-1	FALSE	TRUE
test-2	FALSE	TRUE
test-3	FALSE	TRUE
test-4	FALSE	TRUE
test-5	TRUE	FALSE
test-6	FALSE	TRUE
test-7	TRUE	FALSE
test-8	FALSE	TRUE
test-9	TRUE	FALSE
test-10	FALSE	TRUE
test-11	FALSE	TRUE
test-12	FALSE	TRUE
test-13	FALSE	TRUE
test-14	FALSE	TRUE
test-15	TRUE	FALSE
test-16	FALSE	TRUE
test-17	FALSE	TRUE
test-18	TRUE	FALSE
test-19	TRUE	FALSE
test-20	TRUE	FALSE
test-21	FALSE	TRUE
test-22	FALSE	TRUE
test-23	TRUE	FALSE
test-24	TRUE	TRUE
test-25	FALSE	TRUE
test-26	FALSE	TRUE
test-27	FALSE	TRUE
test-28	TRUE	FALSE
test-29	FALSE	TRUE
test-30	FALSE	TRUE
test-31	FALSE	TRUE
test-32	TRUE	TRUE
test-33	FALSE	TRUE
test-34	TRUE	FALSE
test-35	TRUE	FALSE
test-36	FALSE	TRUE
test-37	FALSE	TRUE
test-38	FALSE	TRUE
test-39	FALSE	TRUE
test-40	TRUE	TRUE
test-41	TRUE	TRUE
test-42	TRUE	FALSE
test-43	TRUE	TRUE
test-44	FALSE	TRUE
test-45	FALSE	TRUE
test-46	TRUE	FALSE
test-47	FALSE	TRUE
test-48	TRUE	FALSE
test-49	TRUE	FALSE
test-50	TRUE	FALSE
test-51	FALSE	FALSE
test-52	TRUE	FALSE
test-53	FALSE	TRUE
test-54	FALSE	TRUE
test-55	FALSE	TRUE
test-56	FALSE	TRUE
test-57	FALSE	TRUE
test-58	FALSE	TRUE
test-59	TRUE	TRUE
test-60	FALSE	TRUE
test-61	TRUE	TRUE
test-62	FALSE	TRUE
test-63	TRUE	FALSE
test-64	FALSE	TRUE
test-65	FALSE	FALSE
test-66	FALSE	TRUE
test-67	TRUE	TRUE
test-68	FALSE	TRUE
test-69	TRUE	FALSE
test-70	FALSE	TRUE
test-71	TRUE	FALSE
test-72	FALSE	TRUE
test-73	TRUE	TRUE
test-74	FALSE	TRUE
test-75	FALSE	TRUE
test-76	FALSE	TRUE
test-77	FALSE	TRUE
test-78	TRUE	FALSE
test-79	FALSE	TRUE
test-80	FALSE	TRUE
test-81	TRUE	TRUE
test-82	FALSE	TRUE
test-83	FALSE	TRUE
test-84	FALSE	TRUE
test-85	TRUE	TRUE
test-86	TRUE	TRUE
test-87	FALSE	TRUE
test-88	FALSE	TRUE
test-89	FALSE	TRUE
test-90	TRUE	TRUE
test-91	FALSE	TRUE
test-92	FALSE	TRUE
test-93	FALSE	TRUE
test-94	TRUE	FALSE
test-95	TRUE	FALSE
test-96	FALSE	TRUE
test-97	FALSE	TRUE
test-98	TRUE	TRUE
test-99	TRUE	TRUE
test-100	FALSE	TRUE
test-101	FALSE	TRUE
test-102	FALSE	TRUE
test-103	FALSE	TRUE
test-104	TRUE	FALSE
test-105	FALSE	TRUE
test-106	TRUE	TRUE
test-107	FALSE	FALSE
test-108	FALSE	TRUE
test-109	FALSE	TRUE
test-110	FALSE	TRUE
test-111	FALSE	TRUE
test-112	TRUE	TRUE
test-113	FALSE	TRUE
test-114	FALSE	TRUE
test-115	TRUE	TRUE
test-116	TRUE	TRUE
test-117	TRUE	FALSE
test-118	TRUE	FALSE
test-119	FALSE	TRUE
test-120	TRUE	TRUE
test-121	FALSE	TRUE
test-122	FALSE	TRUE
test-123	FALSE	TRUE
test-124	FALSE	TRUE
test-125	TRUE	TRUE
test-126	FALSE	TRUE
test-127	TRUE	TRUE
test-128	TRUE	FALSE
test-129	TRUE	TRUE
test-130	TRUE	TRUE
test-131	FALSE	TRUE
test-132	FALSE	TRUE
test-133	FALSE	TRUE
test-134	FALSE	TRUE
test-135	FALSE	TRUE
test-136	FALSE	TRUE
test-137	FALSE	TRUE
test-138	FALSE	TRUE
test-139	FALSE	TRUE
test-140	FALSE	TRUE
test-141	FALSE	TRUE
test-142	FALSE	TRUE
test-143	FALSE	TRUE
test-144	FALSE	TRUE
test-145	FALSE	TRUE
test-146	FALSE	TRUE
test-147	TRUE	TRUE
test-148	TRUE	FALSE
test-149	FALSE	TRUE
test-150	TRUE	FALSE
test-151	TRUE	FALSE
test-152	FALSE	TRUE
test-153	FALSE	TRUE
test-154	FALSE	TRUE
test-155	FALSE	TRUE
test-156	TRUE	FALSE
test-157	FALSE	TRUE
test-158	FALSE	TRUE
test-159	TRUE	FALSE
test-160	FALSE	TRUE
test-161	FALSE	TRUE
test-162	TRUE	TRUE
test-163	FALSE	TRUE
test-164	FALSE	TRUE
test-165	FALSE	TRUE
test-166	TRUE	FALSE
test-167	FALSE	TRUE
test-168	TRUE	TRUE
test-169	FALSE	TRUE
test-170	FALSE	TRUE
test-171	FALSE	TRUE
test-172	FALSE	TRUE
test-173	TRUE	FALSE
test-174	FALSE	TRUE
test-175	FALSE	TRUE
test-176	TRUE	TRUE
test-177	TRUE	FALSE
test-178	TRUE	TRUE
test-179	TRUE	TRUE
test-180	FALSE	TRUE
test-181	FALSE	TRUE
test-182	TRUE	TRUE
test-183	TRUE	TRUE
test-184	FALSE	TRUE
test-185	TRUE	TRUE
test-186	TRUE	TRUE
test-187	FALSE	TRUE
test-188	FALSE	TRUE
test-189	FALSE	TRUE
test-190	FALSE	TRUE
test-191	TRUE	FALSE
test-192	FALSE	TRUE
test-193	FALSE	TRUE
test-194	TRUE	TRUE
test-195	TRUE	FALSE
test-196	FALSE	TRUE
test-197	FALSE	TRUE
test-198	FALSE	TRUE
test-199	TRUE	TRUE
test-200	TRUE	FALSE
test-201	FALSE	TRUE
test-202	FALSE	TRUE
test-203	TRUE	TRUE
test-204	TRUE	FALSE
test-205	FALSE	TRUE
test-206	FALSE	TRUE
test-207	FALSE	TRUE
test-208	TRUE	TRUE
test-209	FALSE	TRUE
test-210	FALSE	TRUE
test-211	FALSE	TRUE
test-212	TRUE	TRUE
test-213	FALSE	TRUE
test-214	TRUE	FALSE
test-215	FALSE	TRUE
test-216	TRUE	TRUE
test-217	FALSE	TRUE
test-218	FALSE	TRUE
test-219	FALSE	TRUE
test-220	FALSE	TRUE
test-221	FALSE	TRUE
test-222	TRUE	TRUE
test-223	TRUE	FALSE
test-224	FALSE	TRUE
test-225	TRUE	FALSE
test-226	FALSE	TRUE
test-227	FALSE	TRUE
test-228	TRUE	FALSE
test-229	TRUE	TRUE
test-230	FALSE	TRUE
test-231	FALSE	TRUE
test-232	TRUE	TRUE
test-233	TRUE	FALSE
test-234	FALSE	TRUE
test-235	FALSE	TRUE
test-236	TRUE	FALSE
test-237	FALSE	TRUE
test-238	TRUE	TRUE
test-239	FALSE	TRUE
test-240	FALSE	TRUE
test-241	TRUE	FALSE
test-242	FALSE	TRUE
test-243	FALSE	TRUE
test-244	TRUE	TRUE
test-245	FALSE	TRUE
test-246	FALSE	TRUE
test-247	FALSE	TRUE
test-248	FALSE	TRUE
test-249	FALSE	TRUE
test-250	FALSE	TRUE
test-251	FALSE	TRUE
test-252	TRUE	FALSE
test-253	FALSE	TRUE
test-254	TRUE	TRUE
test-255	TRUE	FALSE
test-256	FALSE	TRUE
test-257	FALSE	TRUE
test-258	TRUE	FALSE
test-259	TRUE	FALSE
test-260	TRUE	FALSE
test-261	FALSE	TRUE
test-262	TRUE	FALSE
test-263	FALSE	TRUE
test-264	FALSE	TRUE
test-265	FALSE	TRUE
test-266	FALSE	TRUE
test-267	FALSE	TRUE
test-268	FALSE	TRUE
test-269	TRUE	FALSE
test-270	TRUE	TRUE
test-271	FALSE	TRUE
test-272	TRUE	FALSE
test-273	TRUE	TRUE
test-274	FALSE	TRUE
test-275	FALSE	TRUE
test-276	TRUE	FALSE
test-277	FALSE	TRUE
test-278	FALSE	TRUE
test-279	TRUE	FALSE
test-280	TRUE	TRUE
test-281	TRUE	FALSE
test-282	TRUE	TRUE
test-283	FALSE	TRUE
test-284	FALSE	TRUE
test-285	TRUE	TRUE
test-286	TRUE	FALSE
test-287	FALSE	FALSE
test-288	FALSE	TRUE
test-289	FALSE	TRUE
test-290	TRUE	FALSE
test-291	TRUE	TRUE
test-292	TRUE	FALSE
test-293	FALSE	TRUE
test-294	TRUE	FALSE
test-295	FALSE	TRUE
test-296	TRUE	TRUE
test-297	TRUE	TRUE
test-298	FALSE	TRUE
test-299	FALSE	TRUE
test-300	FALSE	TRUE
test-301	FALSE	TRUE
test-302	FALSE	TRUE
test-303	FALSE	TRUE
test-304	TRUE	TRUE
test-305	TRUE	TRUE
test-306	FALSE	TRUE
test-307	TRUE	TRUE
test-308	FALSE	TRUE
test-309	TRUE	TRUE
test-310	FALSE	TRUE
test-311	FALSE	TRUE
test-312	FALSE	TRUE
test-313	TRUE	TRUE
test-314	TRUE	FALSE
test-315	TRUE	FALSE
test-316	FALSE	TRUE
test-317	FALSE	TRUE
test-318	FALSE	TRUE
test-319	FALSE	TRUE
test-320	TRUE	TRUE
test-321	TRUE	TRUE
test-322	FALSE	TRUE
test-323	FALSE	TRUE
test-324	FALSE	TRUE
test-325	FALSE	TRUE
test-326	FALSE	TRUE
test-327	FALSE	TRUE
test-328	FALSE	TRUE
test-329	FALSE	TRUE
test-330	TRUE	FALSE
test-331	FALSE	TRUE
test-332	FALSE	TRUE
test-333	TRUE	TRUE
test-334	TRUE	FALSE
test-335	FALSE	TRUE
test-336	FALSE	TRUE
test-337	FALSE	TRUE
test-338	FALSE	TRUE
test-339	FALSE	TRUE
test-340	FALSE	TRUE
test-341	FALSE	TRUE
test-342	TRUE	FALSE
test-343	TRUE	FALSE
test-344	TRUE	TRUE
test-345	TRUE	FALSE
test-346	TRUE	TRUE
test-347	FALSE	TRUE
test-348	FALSE	TRUE
test-349	TRUE	FALSE
test-350	TRUE	FALSE
test-351	FALSE	TRUE
test-352	FALSE	TRUE
test-353	FALSE	TRUE
test-354	FALSE	TRUE
test-355	FALSE	TRUE
test-356	FALSE	TRUE
test-357	FALSE	TRUE
test-358	FALSE	TRUE
test-359	FALSE	TRUE
test-360	TRUE	FALSE
test-361	FALSE	TRUE
test-362	TRUE	FALSE
test-363	TRUE	FALSE
test-364	TRUE	TRUE
test-365	FALSE	TRUE
test-366	TRUE	TRUE
test-367	FALSE	TRUE
test-368	FALSE	TRUE
test-369	TRUE	FALSE
test-370	TRUE	FALSE
test-371	FALSE	TRUE
test-372	TRUE	TRUE
test-373	TRUE	FALSE
test-374	TRUE	TRUE
test-375	TRUE	FALSE
test-376	FALSE	TRUE
test-377	FALSE	TRUE
test-378	FALSE	TRUE
test-379	FALSE	TRUE
test-380	FALSE	TRUE
test-381	TRUE	FALSE
test-382	FALSE	TRUE
test-383	FALSE	TRUE
test-384	FALSE	TRUE
test-385	FALSE	TRUE
test-386	TRUE	TRUE
test-387	TRUE	TRUE
test-388	FALSE	TRUE
test-389	FALSE	FALSE
test-390	FALSE	TRUE
test-391	FALSE	FALSE
test-392	TRUE	FALSE
test-393	FALSE	TRUE
test-394	FALSE	TRUE
test-395	FALSE	TRUE
test-396	FALSE	TRUE
test-397	TRUE	FALSE
test-398	FALSE	TRUE
test-399	TRUE	FALSE
test-400	FALSE	TRUE
test-401	TRUE	TRUE
test-402	FALSE	TRUE
test-403	TRUE	TRUE
test-404	FALSE	FALSE
test-405	FALSE	TRUE
test-406	FALSE	TRUE
test-407	FALSE	TRUE
test-408	TRUE	TRUE
test-409	FALSE	TRUE
test-410	TRUE	TRUE
test-411	FALSE	TRUE
test-412	FALSE	TRUE
test-413	FALSE	TRUE
test-414	FALSE	TRUE
test-415	FALSE	TRUE
test-416	FALSE	TRUE
test-417	FALSE	TRUE
test-418	TRUE	TRUE
test-419	FALSE	TRUE
test-420	TRUE	FALSE
test-421	TRUE	TRUE
test-422	TRUE	TRUE
test-423	TRUE	TRUE
test-424	FALSE	TRUE
test-425	TRUE	FALSE
test-426	FALSE	TRUE
test-427	FALSE	TRUE
test-428	FALSE	TRUE
test-429	FALSE	TRUE
test-430	FALSE	TRUE
test-431	TRUE	TRUE
test-432	FALSE	TRUE
test-433	TRUE	FALSE
test-434	TRUE	TRUE
test-435	FALSE	TRUE
test-436	FALSE	TRUE
test-437	TRUE	TRUE
test-438	FALSE	TRUE
test-439	FALSE	TRUE
test-440	FALSE	TRUE
test-441	TRUE	FALSE
test-442	TRUE	FALSE
test-443	TRUE	FALSE
test-444	FALSE	TRUE
test-445	FALSE	TRUE
test-446	FALSE	TRUE
test-447	FALSE	TRUE
test-448	FALSE	TRUE
test-449	FALSE	TRUE
test-450	FALSE	TRUE
test-451	TRUE	FALSE
test-452	TRUE	TRUE
test-453	TRUE	FALSE
test-454	FALSE	TRUE
test-455	FALSE	TRUE
test-456	TRUE	TRUE
test-457	TRUE	TRUE
test-458	FALSE	TRUE
test-459	FALSE	TRUE
test-460	TRUE	TRUE
test-461	TRUE	FALSE
test-462	TRUE	TRUE
test-463	TRUE	FALSE
test-464	TRUE	TRUE
test-465	TRUE	FALSE
test-466	FALSE	TRUE
test-467	FALSE	TRUE
test-468	FALSE	TRUE
test-469	TRUE	FALSE
test-470	FALSE	TRUE
test-471	FALSE	TRUE
test-472	FALSE	TRUE
test-473	TRUE	FALSE
test-474	FALSE	TRUE
test-475	TRUE	FALSE
test-476	FALSE	TRUE
test-477	FALSE	TRUE
test-478	FALSE	TRUE
test-479	TRUE	TRUE
test-480	TRUE	FALSE
test-481	FALSE	TRUE
test-482	FALSE	TRUE
test-483	FALSE	TRUE
test-484	TRUE	FALSE
test-485	FALSE	TRUE
test-486	FALSE	TRUE
test-487	FALSE	TRUE
test-488	FALSE	TRUE
test-489	TRUE	FALSE
test-490	FALSE	TRUE
test-491	TRUE	TRUE
test-492	FALSE	TRUE
test-493	FALSE	TRUE
test-494	FALSE	TRUE
test-495	TRUE	TRUE
test-496	FALSE	TRUE
test-497	FALSE	TRUE
test-498	TRUE	TRUE
test-499	FALSE	TRUE
test-500	FALSE	TRUE
test-501	FALSE	FALSE
test-502	FALSE	TRUE
test-503	FALSE	TRUE
test-504	FALSE	TRUE
test-505	TRUE	FALSE
test-506	FALSE	TRUE
test-507	FALSE	TRUE
test-508	FALSE	TRUE
test-509	FALSE	TRUE
test-510	TRUE	TRUE
test-511	TRUE	FALSE
test-512	TRUE	TRUE
test-513	FALSE	FALSE
test-514	TRUE	FALSE
test-515	FALSE	TRUE
test-516	FALSE	TRUE
test-517	FALSE	TRUE
test-518	FALSE	TRUE
test-519	FALSE	TRUE
test-520	FALSE	TRUE
test-521	FALSE	TRUE
test-522	FALSE	TRUE
test-523	FALSE	TRUE
test-524	FALSE	TRUE
test-525	TRUE	FALSE
test-526	FALSE	TRUE
test-527	FALSE	TRUE
test-528	TRUE	TRUE
test-529	FALSE	TRUE
test-530	TRUE	TRUE
test-531	TRUE	FALSE
test-532	FALSE	TRUE
test-533	TRUE	FALSE
test-534	FALSE	TRUE
test-535	FALSE	TRUE
test-536	TRUE	TRUE
test-537	TRUE	FALSE
test-538	FALSE	TRUE
test-539	FALSE	TRUE
test-540	TRUE	FALSE
test-541	FALSE	TRUE
test-542	FALSE	TRUE
test-543	FALSE	TRUE
test-544	FALSE	TRUE
test-545	TRUE	FALSE
test-546	TRUE	TRUE
test-547	TRUE	TRUE
test-548	FALSE	TRUE
test-549	FALSE	TRUE
test-550	FALSE	TRUE
test-551	FALSE	TRUE
test-552	FALSE	TRUE
test-553	FALSE	TRUE
test-554	FALSE	TRUE
test-555	FALSE	TRUE
test-556	TRUE	TRUE
test-557	FALSE	TRUE
test-558	FALSE	TRUE
test-559	FALSE	TRUE
test-560	TRUE	FALSE
test-561	TRUE	FALSE
test-562	FALSE	FALSE
test-563	FALSE	TRUE
test-564	FALSE	TRUE
test-565	FALSE	TRUE
test-566	TRUE	FALSE
test-567	TRUE	TRUE
test-568	FALSE	FALSE
test-569	TRUE	TRUE
test-570	FALSE	TRUE
test-571	FALSE	TRUE
test-572	TRUE	FALSE
test-573	TRUE	TRUE
test-574	TRUE	TRUE
test-575	FALSE	TRUE
test-576	TRUE	FALSE
test-577	TRUE	FALSE
test-578	TRUE	FALSE
test-579	FALSE	TRUE
test-580	FALSE	TRUE
test-581	FALSE	TRUE
test-582	TRUE	FALSE
test-583	FALSE	TRUE
test-584	FALSE	TRUE
test-585	FALSE	TRUE
test-586	TRUE	TRUE
test-587	FALSE	TRUE
test-588	FALSE	TRUE
test-589	FALSE	TRUE
test-590	FALSE	TRUE
test-591	TRUE	FALSE
test-592	TRUE	TRUE
test-593	FALSE	TRUE
test-594	TRUE	FALSE
test-595	FALSE	TRUE
test-596	FALSE	TRUE
test-597	TRUE	TRUE
test-598	FALSE	TRUE
test-599	TRUE	FALSE
test-600	FALSE	TRUE
test-601	FALSE	TRUE
test-602	FALSE	TRUE
test-603	FALSE	TRUE
test-604	TRUE	FALSE
test-605	TRUE	TRUE
test-606	FALSE	TRUE
test-607	FALSE	TRUE
test-608	TRUE	FALSE
test-609	FALSE	TRUE
test-610	TRUE	TRUE
test-611	FALSE	TRUE
test-612	TRUE	FALSE
test-613	TRUE	TRUE
test-614	FALSE	TRUE
test-615	FALSE	TRUE
test-616	FALSE	TRUE
test-617	TRUE	FALSE
test-618	FALSE	TRUE
test-619	FALSE	TRUE
test-620	TRUE	FALSE
test-621	FALSE	TRUE
test-622	FALSE	TRUE
test-623	FALSE	TRUE
test-624	FALSE	TRUE
test-625	TRUE	TRUE
test-626	TRUE	FALSE
test-627	TRUE	FALSE
test-628	FALSE	TRUE
test-629	TRUE	FALSE
test-630	FALSE	TRUE
test-631	TRUE	TRUE
test-632	FALSE	TRUE
test-633	TRUE	FALSE
test-634	FALSE	TRUE
test-635	FALSE	TRUE
test-636	TRUE	TRUE
test-637	FALSE	TRUE
test-638	FALSE	TRUE
test-639	FALSE	TRUE
test-640	TRUE	FALSE
test-641	FALSE	TRUE
test-642	TRUE	TRUE
test-643	FALSE	TRUE
test-644	TRUE	FALSE
test-645	TRUE	FALSE
test-646	FALSE	TRUE
test-647	TRUE	FALSE
test-648	TRUE	TRUE
test-649	FALSE	TRUE
test-650	TRUE	FALSE
test-651	TRUE	TRUE
test-652	FALSE	TRUE
test-653	FALSE	TRUE
test-654	FALSE	TRUE
test-655	TRUE	TRUE
test-656	FALSE	TRUE
test-657	FALSE	TRUE
test-658	FALSE	TRUE
test-659	FALSE	TRUE
test-660	TRUE	FALSE
test-661	TRUE	FALSE
test-662	TRUE	FALSE
test-663	FALSE	TRUE
test-664	TRUE	FALSE
test-665	TRUE	TRUE
test-666	FALSE	TRUE
test-667	FALSE	TRUE
test-668	FALSE	TRUE
test-669	TRUE	FALSE
test-670	FALSE	TRUE
test-671	TRUE	FALSE
test-672	FALSE	TRUE
test-673	FALSE	TRUE
test-674	FALSE	TRUE
test-675	FALSE	TRUE
test-676	FALSE	TRUE
test-677	FALSE	TRUE
test-678	TRUE	TRUE
test-679	TRUE	FALSE
test-680	FALSE	TRUE
test-681	TRUE	TRUE
test-682	FALSE	TRUE
test-683	FALSE	TRUE
test-684	FALSE	TRUE
test-685	FALSE	TRUE
test-686	TRUE	FALSE
test-687	FALSE	TRUE
test-688	FALSE	TRUE
test-689	FALSE	TRUE
test-690	TRUE	FALSE
test-691	FALSE	TRUE
test-692	FALSE	TRUE
test-693	FALSE	FALSE
test-694	TRUE	FALSE
test-695	FALSE	TRUE
test-696	FALSE	TRUE
test-697	FALSE	TRUE
test-698	TRUE	TRUE
test-699	FALSE	TRUE
test-700	TRUE	FALSE
test-701	TRUE	FALSE
test-702	FALSE	TRUE
test-703	TRUE	FALSE
test-704	FALSE	TRUE
test-705	FALSE	TRUE
test-706	TRUE	TRUE
test-707	TRUE	TRUE
test-708	TRUE	FALSE
test-709	TRUE	TRUE
test-710	FALSE	TRUE
test-711	FALSE	TRUE
test-712	TRUE	FALSE
test-713	TRUE	FALSE
test-714	FALSE	TRUE
test-715	TRUE	FALSE
test-716	FALSE	TRUE
test-717	TRUE	FALSE
test-718	TRUE	TRUE
test-719	TRUE	TRUE
test-720	FALSE	TRUE
test-721	FALSE	TRUE
test-722	FALSE	TRUE
test-723	FALSE	TRUE
test-724	FALSE	TRUE
test-725	TRUE	FALSE
test-726	FALSE	TRUE
test-727	TRUE	TRUE
test-728	TRUE	FALSE
test-729	FALSE	TRUE
test-730	FALSE	TRUE
test-731	FALSE	TRUE
test-732	TRUE	TRUE
test-733	FALSE	TRUE
test-734	FALSE	TRUE
test-735	TRUE	FALSE
test-736	TRUE	TRUE
test-737	TRUE	FALSE
test-738	FALSE	TRUE
test-739	FALSE	TRUE
test-740	TRUE	FALSE
test-741	TRUE	TRUE
test-742	FALSE	TRUE
test-743	FALSE	TRUE
test-744	TRUE	FALSE
test-745	FALSE	TRUE
test-746	FALSE	TRUE
test-747	FALSE	TRUE
test-748	TRUE	TRUE
test-749	TRUE	TRUE
test-750	FALSE	TRUE
test-751	FALSE	TRUE
test-752	FALSE	TRUE
test-753	FALSE	TRUE
test-754	TRUE	FALSE
test-755	FALSE	TRUE
test-756	FALSE	TRUE
test-757	FALSE	TRUE
test-758	TRUE	TRUE
test-759	TRUE	FALSE
test-760	FALSE	TRUE
test-761	FALSE	TRUE
test-762	TRUE	TRUE
test-763	FALSE	TRUE
test-764	TRUE	FALSE
test-765	TRUE	FALSE
test-766	FALSE	TRUE
test-767	FALSE	TRUE
test-768	TRUE	TRUE
test-769	TRUE	TRUE
test-770	TRUE	TRUE
test-771	FALSE	TRUE
test-772	FALSE	TRUE
test-773	TRUE	FALSE
test-774	FALSE	TRUE
test-775	FALSE	TRUE
test-776	FALSE	TRUE
test-777	TRUE	TRUE
test-778	TRUE	TRUE
test-779	TRUE	FALSE
test-780	FALSE	TRUE
test-781	FALSE	TRUE
test-782	TRUE	FALSE
test-783	FALSE	TRUE
test-784	TRUE	TRUE
test-785	TRUE	FALSE
test-786	TRUE	FALSE
test-787	FALSE	FALSE
test-788	FALSE	TRUE
test-789	FALSE	TRUE
test-790	TRUE	FALSE
test-791	TRUE	TRUE
test-792	TRUE	FALSE
test-793	FALSE	TRUE
test-794	FALSE	TRUE
test-795	FALSE	TRUE
test-796	TRUE	FALSE
test-797	FALSE	TRUE
test-798	TRUE	TRUE
test-799	TRUE	TRUE
test-800	FALSE	TRUE
test-801	FALSE	TRUE
test-802	FALSE	TRUE
test-803	TRUE	TRUE
test-804	FALSE	TRUE
test-805	FALSE	TRUE
test-806	FALSE	TRUE
test-807	TRUE	FALSE
test-808	FALSE	TRUE
test-809	FALSE	TRUE
test-810	TRUE	FALSE
test-811	TRUE	FALSE
test-812	TRUE	FALSE
test-813	FALSE	TRUE
test-814	FALSE	TRUE
test-815	FALSE	TRUE
test-816	FALSE	TRUE
test-817	TRUE	FALSE
test-818	FALSE	TRUE
test-819	FALSE	TRUE
test-820	TRUE	FALSE
test-821	FALSE	TRUE
test-822	TRUE	FALSE
test-823	FALSE	TRUE
test-824	FALSE	TRUE
test-825	TRUE	TRUE
test-826	TRUE	FALSE
test-827	TRUE	TRUE
test-828	FALSE	TRUE
test-829	TRUE	FALSE
test-830	FALSE	TRUE
test-831	FALSE	TRUE
test-832	FALSE	TRUE
test-833	FALSE	TRUE
test-834	FALSE	TRUE
test-835	TRUE	FALSE
test-836	FALSE	TRUE
test-837	FALSE	TRUE
test-838	FALSE	TRUE
test-839	TRUE	FALSE
test-840	FALSE	TRUE
test-841	FALSE	TRUE
test-842	TRUE	TRUE
test-843	FALSE	TRUE
test-844	FALSE	TRUE
test-845	TRUE	FALSE
test-846	FALSE	TRUE
test-847	FALSE	TRUE
test-848	FALSE	TRUE
test-849	FALSE	TRUE
test-850	TRUE	FALSE
test-851	FALSE	TRUE
test-852	TRUE	FALSE
test-853	FALSE	TRUE
test-854	FALSE	TRUE
test-855	FALSE	TRUE
test-856	TRUE	TRUE
test-857	FALSE	TRUE
test-858	TRUE	TRUE
test-859	FALSE	TRUE
test-860	FALSE	TRUE
test-861	TRUE	TRUE
test-862	FALSE	TRUE
test-863	FALSE	TRUE
test-864	TRUE	FALSE
test-865	FALSE	TRUE
test-866	FALSE	TRUE
test-867	FALSE	TRUE
test-868	FALSE	TRUE
test-869	FALSE	TRUE
test-870	FALSE	TRUE
test-871	TRUE	FALSE
test-872	FALSE	TRUE
test-873	FALSE	TRUE
test-874	TRUE	TRUE
test-875	FALSE	TRUE
test-876	TRUE	TRUE
test-877	FALSE	TRUE
test-878	FALSE	TRUE
test-879	FALSE	TRUE
test-880	FALSE	TRUE
test-881	FALSE	TRUE
test-882	TRUE	FALSE
test-883	FALSE	TRUE
test-884	FALSE	TRUE
test-885	FALSE	TRUE
test-886	FALSE	TRUE
test-887	TRUE	FALSE
test-888	TRUE	FALSE
test-889	FALSE	TRUE
test-890	FALSE	TRUE
test-891	FALSE	TRUE
test-892	FALSE	TRUE
test-893	FALSE	TRUE
test-894	TRUE	TRUE
test-895	TRUE	FALSE
test-896	TRUE	TRUE
test-897	FALSE	TRUE
test-898	FALSE	TRUE
test-899	FALSE	TRUE
test-900	TRUE	TRUE
test-901	TRUE	FALSE
test-902	FALSE	TRUE
test-903	FALSE	TRUE
test-904	FALSE	TRUE
test-905	FALSE	TRUE
test-906	TRUE	FALSE
test-907	FALSE	TRUE
test-908	FALSE	TRUE
test-909	FALSE	TRUE
test-910	FALSE	TRUE
test-911	FALSE	TRUE
test-912	TRUE	FALSE
test-913	FALSE	TRUE
test-914	FALSE	TRUE
test-915	FALSE	TRUE
test-916	TRUE	FALSE
test-917	FALSE	TRUE
test-918	FALSE	TRUE
test-919	FALSE	TRUE
test-920	FALSE	TRUE
test-921	FALSE	TRUE
test-922	FALSE	TRUE
test-923	FALSE	TRUE
test-924	TRUE	TRUE
test-925	FALSE	TRUE
test-926	TRUE	FALSE
test-927	FALSE	TRUE
test-928	FALSE	TRUE
test-929	TRUE	TRUE
test-930	FALSE	TRUE
test-931	FALSE	TRUE
test-932	TRUE	FALSE
test-933	FALSE	TRUE
test-934	TRUE	TRUE
test-935	FALSE	TRUE
test-936	FALSE	TRUE
test-937	TRUE	TRUE
test-938	FALSE	TRUE
test-939	TRUE	FALSE
test-940	TRUE	FALSE
test-941	TRUE	FALSE
test-942	FALSE	TRUE
test-943	FALSE	FALSE
test-944	TRUE	TRUE
test-945	FALSE	TRUE
test-946	FALSE	TRUE
test-947	TRUE	FALSE
test-948	FALSE	TRUE
test-949	FALSE	TRUE
test-950	FALSE	TRUE
test-951	TRUE	FALSE
test-952	TRUE	FALSE
test-953	FALSE	TRUE
test-954	FALSE	TRUE
test-955	TRUE	TRUE
test-956	FALSE	TRUE
test-957	TRUE	FALSE
test-958	TRUE	FALSE
test-959	TRUE	FALSE
test-960	FALSE	TRUE
test-961	TRUE	FALSE
test-962	FALSE	TRUE
test-963	TRUE	TRUE
test-964	TRUE	TRUE
test-965	TRUE	TRUE
test-966	TRUE	FALSE
test-967	FALSE	TRUE
test-968	TRUE	FALSE
test-969	TRUE	FALSE
test-970	FALSE	TRUE
test-971	FALSE	FALSE
test-972	TRUE	FALSE
test-973	TRUE	TRUE
test-974	FALSE	TRUE
test-975	FALSE	TRUE
test-976	TRUE	FALSE
test-977	TRUE	TRUE
test-978	FALSE	TRUE
test-979	TRUE	TRUE
test-980	FALSE	TRUE
test-981	TRUE	FALSE
test-982	FALSE	TRUE
test-983	TRUE	FALSE
test-984	TRUE	FALSE
test-985	FALSE	TRUE
test-986	TRUE	FALSE
test-987	FALSE	TRUE
test-988	FALSE	TRUE
test-989	TRUE	FALSE
test-990	TRUE	TRUE
test-991	FALSE	TRUE
test-992	TRUE	TRUE
test-993	FALSE	TRUE
test-994	TRUE	FALSE
test-995	TRUE	FALSE
test-996	FALSE	TRUE
test-997	FALSE	TRUE
test-998	TRUE	FALSE
test-999	TRUE	TRUE
test-1000	FALSE	TRUE
test-1001	FALSE	TRUE
test-1002	TRUE	TRUE
test-1003	TRUE	FALSE
test-1004	TRUE	TRUE
test-1005	FALSE	TRUE
test-1006	FALSE	FALSE
test-1007	TRUE	TRUE
test-1008	FALSE	FALSE
test-1009	TRUE	TRUE
test-1010	TRUE	TRUE
test-1011	FALSE	TRUE
test-1012	TRUE	TRUE
test-1013	TRUE	TRUE
test-1014	TRUE	FALSE
test-1015	TRUE	FALSE
test-1016	TRUE	TRUE
test-1017	TRUE	FALSE
test-1018	TRUE	TRUE
test-1019	TRUE	FALSE
test-1020	FALSE	TRUE
test-1021	FALSE	TRUE
test-1022	TRUE	FALSE
test-1023	FALSE	TRUE
test-1024	FALSE	TRUE
test-1025	TRUE	FALSE
test-1026	FALSE	TRUE
test-1027	FALSE	TRUE
test-1028	FALSE	TRUE
test-1029	TRUE	TRUE
test-1030	TRUE	FALSE
test-1031	TRUE	FALSE
test-1032	TRUE	FALSE
test-1033	FALSE	TRUE
test-1034	TRUE	FALSE
test-1035	FALSE	TRUE
test-1036	FALSE	TRUE
test-1037	FALSE	FALSE
test-1038	TRUE	FALSE
test-1039	TRUE	FALSE
test-1040	FALSE	TRUE
test-1041	TRUE	FALSE
test-1042	FALSE	TRUE
test-1043	FALSE	TRUE
test-1044	FALSE	TRUE
test-1045	TRUE	TRUE
test-1046	FALSE	TRUE
test-1047	FALSE	TRUE
test-1048	TRUE	FALSE
test-1049	FALSE	TRUE
test-1050	FALSE	TRUE
test-1051	FALSE	TRUE
test-1052	TRUE	FALSE
test-1053	FALSE	TRUE
test-1054	TRUE	TRUE
test-1055	FALSE	TRUE
test-1056	FALSE	TRUE
test-1057	TRUE	FALSE
test-1058	TRUE	FALSE
test-1059	FALSE	TRUE
test-1060	TRUE	TRUE
test-1061	FALSE	TRUE
test-1062	TRUE	FALSE
test-1063	FALSE	FALSE
test-1064	FALSE	TRUE
test-1065	FALSE	TRUE
test-1066	FALSE	TRUE
test-1067	TRUE	TRUE
test-1068	TRUE	FALSE
test-1069	FALSE	TRUE
test-1070	FALSE	TRUE
test-1071	TRUE	TRUE
test-1072	FALSE	TRUE
test-1073	FALSE	TRUE
test-1074	TRUE	TRUE
test-1075	TRUE	TRUE
test-1076	FALSE	TRUE
test-1077	FALSE	TRUE
test-1078	TRUE	FALSE
test-1079	FALSE	FALSE
test-1080	TRUE	TRUE
test-1081	FALSE	TRUE
test-1082	FALSE	TRUE
test-1083	TRUE	FALSE
test-1084	FALSE	TRUE
test-1085	TRUE	FALSE
test-1086	TRUE	FALSE
test-1087	FALSE	TRUE
test-1088	FALSE	TRUE
test-1089	FALSE	TRUE
test-1090	TRUE	FALSE
test-1091	FALSE	TRUE
test-1092	TRUE	TRUE
test-1093	TRUE	TRUE
test-1094	FALSE	TRUE
test-1095	TRUE	FALSE
test-1096	FALSE	TRUE
test-1097	TRUE	TRUE
test-1098	FALSE	TRUE
test-1099	FALSE	TRUE
test-1100	FALSE	TRUE
test-1101	FALSE	TRUE
test-1102	FALSE	TRUE
test-1103	FALSE	TRUE
test-1104	FALSE	TRUE
test-1105	FALSE	TRUE
test-1106	FALSE	TRUE
test-1107	TRUE	FALSE
test-1108	TRUE	FALSE
test-1109	FALSE	TRUE
test-1110	TRUE	FALSE
test-1111	FALSE	TRUE
test-1112	FALSE	TRUE
test-1113	TRUE	TRUE
test-1114	FALSE	TRUE
test-1115	TRUE	FALSE
test-1116	FALSE	TRUE
test-1117	TRUE	FALSE
test-1118	FALSE	TRUE
test-1119	FALSE	TRUE
test-1120	FALSE	TRUE
test-1121	FALSE	TRUE
test-1122	TRUE	TRUE
test-1123	FALSE	TRUE
test-1124	FALSE	FALSE
test-1125	TRUE	TRUE
test-1126	FALSE	TRUE
test-1127	FALSE	TRUE
test-1128	FALSE	TRUE
test-1129	FALSE	TRUE
test-1130	TRUE	FALSE
test-1131	TRUE	TRUE
test-1132	TRUE	FALSE
test-1133	FALSE	TRUE
test-1134	FALSE	TRUE
test-1135	TRUE	FALSE
test-1136	FALSE	TRUE
test-1137	FALSE	TRUE
test-1138	FALSE	FALSE
test-1139	TRUE	FALSE
test-1140	FALSE	TRUE
test-1141	FALSE	TRUE
test-1142	FALSE	TRUE
test-1143	TRUE	FALSE
test-1144	TRUE	TRUE
test-1145	TRUE	FALSE
test-1146	TRUE	FALSE
test-1147	FALSE	TRUE
test-1148	TRUE	TRUE
test-1149	FALSE	FALSE
test-1150	FALSE	TRUE
test-1151	TRUE	TRUE
test-1152	FALSE	TRUE
test-1153	TRUE	TRUE
test-1154	TRUE	TRUE
test-1155	FALSE	TRUE
test-1156	TRUE	TRUE
test-1157	FALSE	TRUE
test-1158	FALSE	TRUE
test-1159	FALSE	TRUE
test-1160	TRUE	FALSE
test-1161	TRUE	TRUE
test-1162	FALSE	FALSE
test-1163	FALSE	FALSE
test-1164	FALSE	TRUE
test-1165	TRUE	TRUE
test-1166	FALSE	TRUE
test-1167	FALSE	TRUE
test-1168	FALSE	TRUE
test-1169	TRUE	FALSE
test-1170	TRUE	TRUE
test-1171	FALSE	TRUE
test-1172	TRUE	TRUE
test-1173	FALSE	TRUE
test-1174	TRUE	FALSE
test-1175	FALSE	TRUE
test-1176	FALSE	TRUE
test-1177	TRUE	TRUE
test-1178	TRUE	FALSE
test-1179	FALSE	TRUE
test-1180	FALSE	TRUE
test-1181	TRUE	FALSE
test-1182	TRUE	FALSE
test-1183	TRUE	TRUE
test-1184	TRUE	FALSE
test-1185	FALSE	TRUE
test-1186	FALSE	TRUE
test-1187	FALSE	TRUE
test-1188	TRUE	FALSE
test-1189	FALSE	TRUE
test-1190	FALSE	TRUE
test-1191	FALSE	TRUE
test-1192	FALSE	TRUE
test-1193	FALSE	TRUE
test-1194	FALSE	TRUE
test-1195	FALSE	TRUE
test-1196	FALSE	TRUE
test-1197	FALSE	TRUE
test-1198	FALSE	TRUE
test-1199	FALSE	TRUE
test-1200	FALSE	TRUE
test-1201	TRUE	FALSE
test-1202	FALSE	TRUE
test-1203	FALSE	TRUE
test-1204	FALSE	TRUE
test-1205	FALSE	TRUE
test-1206	FALSE	TRUE
test-1207	FALSE	TRUE
test-1208	FALSE	FALSE
test-1209	TRUE	FALSE
test-1210	TRUE	TRUE
test-1211	TRUE	TRUE
test-1212	FALSE	TRUE
test-1213	FALSE	TRUE
test-1214	TRUE	FALSE
test-1215	FALSE	TRUE
test-1216	TRUE	TRUE
test-1217	FALSE	TRUE
test-1218	FALSE	TRUE
test-1219	FALSE	TRUE
test-1220	FALSE	TRUE
test-1221	FALSE	TRUE
test-1222	FALSE	TRUE
test-1223	TRUE	TRUE
test-1224	TRUE	FALSE
test-1225	FALSE	TRUE
test-1226	FALSE	TRUE
test-1227	TRUE	TRUE
test-1228	FALSE	TRUE
test-1229	TRUE	FALSE
test-1230	TRUE	FALSE
test-1231	FALSE	TRUE
test-1232	FALSE	TRUE
test-1233	FALSE	TRUE
test-1234	FALSE	TRUE
test-1235	FALSE	TRUE
test-1236	FALSE	TRUE
test-1237	FALSE	TRUE
test-1238	TRUE	FALSE
test-1239	FALSE	TRUE
test-1240	FALSE	FALSE
test-1241	TRUE	TRUE
test-1242	TRUE	TRUE
test-1243	FALSE	TRUE
test-1244	TRUE	TRUE
test-1245	FALSE	FALSE
test-1246	FALSE	TRUE
test-1247	TRUE	TRUE
test-1248	FALSE	TRUE
test-1249	FALSE	TRUE
test-1250	FALSE	TRUE
test-1251	FALSE	TRUE
test-1252	FALSE	TRUE
test-1253	TRUE	FALSE
test-1254	FALSE	TRUE
test-1255	FALSE	TRUE
test-1256	TRUE	FALSE
test-1257	FALSE	TRUE
test-1258	FALSE	TRUE
test-1259	TRUE	TRUE
test-1260	FALSE	TRUE
test-1261	TRUE	FALSE
test-1262	FALSE	TRUE
test-1263	TRUE	TRUE
test-1264	TRUE	TRUE
test-1265	FALSE	TRUE
test-1266	FALSE	TRUE
test-1267	TRUE	TRUE
test-1268	TRUE	FALSE
test-1269	FALSE	TRUE
test-1270	TRUE	FALSE
test-1271	FALSE	TRUE
test-1272	FALSE	TRUE
test-1273	FALSE	TRUE
test-1274	FALSE	TRUE
test-1275	FALSE	TRUE
test-1276	FALSE	TRUE
test-1277	FALSE	TRUE
test-1278	TRUE	FALSE
test-1279	FALSE	TRUE
test-1280	TRUE	TRUE
test-1281	TRUE	TRUE
test-1282	TRUE	FALSE
test-1283	FALSE	TRUE
test-1284	FALSE	TRUE
test-1285	TRUE	FALSE
test-1286	FALSE	TRUE
test-1287	TRUE	TRUE
test-1288	FALSE	TRUE
test-1289	TRUE	TRUE
test-1290	FALSE	TRUE
test-1291	FALSE	TRUE
test-1292	FALSE	TRUE
test-1293	FALSE	TRUE
test-1294	FALSE	TRUE
test-1295	FALSE	TRUE
test-1296	FALSE	TRUE
test-1297	FALSE	TRUE
test-1298	FALSE	TRUE
test-1299	TRUE	FALSE
test-1300	TRUE	FALSE
test-1301	FALSE	TRUE
test-1302	FALSE	TRUE
test-1303	TRUE	FALSE
test-1304	FALSE	TRUE
test-1305	FALSE	TRUE
test-1306	FALSE	TRUE
test-1307	FALSE	TRUE
test-1308	FALSE	TRUE
test-1309	FALSE	TRUE
test-1310	FALSE	TRUE
test-1311	FALSE	TRUE
test-1312	FALSE	TRUE
test-1313	TRUE	TRUE
test-1314	FALSE	TRUE
test-1315	TRUE	FALSE
test-1316	FALSE	TRUE
test-1317	FALSE	TRUE
test-1318	TRUE	FALSE
test-1319	FALSE	TRUE
test-1320	TRUE	TRUE
test-1321	FALSE	TRUE
test-1322	TRUE	TRUE
test-1323	FALSE	TRUE
test-1324	FALSE	FALSE
test-1325	FALSE	TRUE
test-1326	FALSE	TRUE
test-1327	FALSE	TRUE
test-1328	FALSE	TRUE
test-1329	FALSE	TRUE
test-1330	TRUE	FALSE
test-1331	FALSE	TRUE
test-1332	TRUE	TRUE
test-1333	FALSE	TRUE
test-1334	FALSE	TRUE
test-1335	FALSE	TRUE
test-1336	FALSE	TRUE
test-1337	TRUE	FALSE
test-1338	FALSE	TRUE
test-1339	TRUE	TRUE
test-1340	TRUE	FALSE
test-1341	FALSE	TRUE
test-1342	FALSE	TRUE
test-1343	TRUE	FALSE
test-1344	FALSE	TRUE
test-1345	FALSE	TRUE
test-1346	TRUE	FALSE
test-1347	FALSE	TRUE
test-1348	TRUE	TRUE
test-1349	FALSE	TRUE
test-1350	FALSE	TRUE
test-1351	TRUE	FALSE
test-1352	TRUE	TRUE
test-1353	TRUE	TRUE
test-1354	FALSE	TRUE
test-1355	TRUE	TRUE
test-1356	TRUE	TRUE
test-1357	FALSE	TRUE
test-1358	TRUE	FALSE
test-1359	FALSE	TRUE
test-1360	FALSE	TRUE
test-1361	TRUE	FALSE
test-1362	FALSE	TRUE
test-1363	TRUE	TRUE
test-1364	FALSE	TRUE
test-1365	TRUE	FALSE
test-1366	FALSE	TRUE
test-1367	TRUE	TRUE
test-1368	FALSE	TRUE
test-1369	TRUE	FALSE
test-1370	TRUE	FALSE
test-1371	FALSE	TRUE
test-1372	FALSE	TRUE
test-1373	TRUE	TRUE
test-1374	FALSE	TRUE
test-1375	FALSE	TRUE
test-1376	FALSE	TRUE
test-1377	FALSE	TRUE
test-1378	FALSE	TRUE
test-1379	TRUE	TRUE
test-1380	TRUE	TRUE
test-1381	TRUE	TRUE
test-1382	FALSE	TRUE
test-1383	FALSE	TRUE
test-1384	FALSE	TRUE
test-1385	FALSE	TRUE
test-1386	FALSE	TRUE
test-1387	FALSE	TRUE
test-1388	TRUE	TRUE
test-1389	FALSE	TRUE
test-1390	FALSE	TRUE
test-1391	FALSE	TRUE
test-1392	FALSE	TRUE
test-1393	FALSE	TRUE
test-1394	TRUE	FALSE
test-1395	FALSE	TRUE
test-1396	FALSE	TRUE
test-1397	FALSE	FALSE
test-1398	FALSE	TRUE
test-1399	TRUE	TRUE
test-1400	FALSE	TRUE
test-1401	FALSE	TRUE
test-1402	TRUE	FALSE
test-1403	TRUE	FALSE
test-1404	TRUE	TRUE
test-1405	FALSE	FALSE
test-1406	FALSE	TRUE
test-1407	FALSE	TRUE
test-1408	TRUE	TRUE
test-1409	TRUE	FALSE
test-1410	TRUE	TRUE
test-1411	TRUE	TRUE
test-1412	FALSE	TRUE
test-1413	FALSE	TRUE
test-1414	FALSE	TRUE
test-1415	FALSE	TRUE
test-1416	FALSE	TRUE
test-1417	FALSE	TRUE
test-1418	FALSE	TRUE
test-1419	TRUE	FALSE
test-1420	FALSE	TRUE
test-1421	FALSE	TRUE
test-1422	FALSE	TRUE
test-1423	FALSE	TRUE
test-1424	TRUE	TRUE
test-1425	FALSE	TRUE
test-1426	FALSE	FALSE
test-1427	FALSE	TRUE
test-1428	FALSE	TRUE
test-1429	TRUE	TRUE
test-1430	TRUE	TRUE
test-1431	FALSE	FALSE
test-1432	FALSE	TRUE
test-1433	TRUE	TRUE
test-1434	TRUE	FALSE
test-1435	TRUE	FALSE
test-1436	FALSE	TRUE
test-1437	FALSE	TRUE
test-1438	TRUE	TRUE
test-1439	FALSE	TRUE
test-1440	FALSE	TRUE
test-1441	TRUE	TRUE
test-1442	TRUE	FALSE
test-1443	FALSE	TRUE
test-1444	FALSE	TRUE
test-1445	FALSE	TRUE
test-1446	FALSE	TRUE
test-1447	FALSE	TRUE
test-1448	TRUE	TRUE
test-1449	TRUE	TRUE
test-1450	TRUE	FALSE
test-1451	TRUE	TRUE
test-1452	FALSE	TRUE
test-1453	FALSE	TRUE
test-1454	TRUE	TRUE
test-1455	FALSE	TRUE
test-1456	TRUE	FALSE
test-1457	FALSE	TRUE
test-1458	FALSE	TRUE
test-1459	FALSE	TRUE
test-1460	FALSE	TRUE
test-1461	FALSE	TRUE
test-1462	FALSE	TRUE
test-1463	FALSE	TRUE
test-1464	TRUE	TRUE
test-1465	TRUE	FALSE
test-1466	FALSE	TRUE
test-1467	FALSE	TRUE
test-1468	FALSE	TRUE
test-1469	FALSE	TRUE
test-1470	FALSE	TRUE
test-1471	FALSE	TRUE
test-1472	TRUE	FALSE
test-1473	FALSE	TRUE
test-1474	TRUE	TRUE
test-1475	TRUE	FALSE
test-1476	FALSE	TRUE
test-1477	FALSE	TRUE
test-1478	TRUE	FALSE
test-1479	FALSE	TRUE
test-1480	TRUE	FALSE
test-1481	FALSE	TRUE
test-1482	FALSE	TRUE
test-1483	FALSE	TRUE
test-1484	TRUE	FALSE
test-1485	FALSE	TRUE
test-1486	TRUE	TRUE
test-1487	FALSE	TRUE
test-1488	TRUE	TRUE
test-1489	FALSE	TRUE
test-1490	FALSE	TRUE
test-1491	TRUE	FALSE
test-1492	FALSE	TRUE
test-1493	FALSE	TRUE
test-1494	FALSE	TRUE
test-1495	TRUE	TRUE
test-1496	FALSE	TRUE
test-1497	FALSE	TRUE
test-1498	FALSE	TRUE
test-1499	TRUE	FALSE
test-1500	TRUE	FALSE
test-1501	FALSE	TRUE
test-1502	FALSE	TRUE
test-1503	FALSE	FALSE
test-1504	FALSE	TRUE
test-1505	FALSE	TRUE
test-1506	FALSE	TRUE
test-1507	FALSE	TRUE
test-1508	FALSE	TRUE
test-1509	FALSE	TRUE
test-1510	FALSE	TRUE
test-1511	FALSE	TRUE
test-1512	FALSE	TRUE
test-1513	TRUE	FALSE
test-1514	TRUE	FALSE
test-1515	FALSE	TRUE
test-1516	FALSE	TRUE
test-1517	TRUE	TRUE
test-1518	FALSE	TRUE
test-1519	FALSE	TRUE
test-1520	TRUE	FALSE
test-1521	TRUE	TRUE
test-1522	TRUE	FALSE
test-1523	FALSE	TRUE
test-1524	FALSE	TRUE
test-1525	FALSE	TRUE
test-1526	FALSE	TRUE
test-1527	FALSE	TRUE
test-1528	FALSE	TRUE
test-1529	TRUE	FALSE
test-1530	FALSE	TRUE
test-1531	FALSE	TRUE
test-1532	TRUE	TRUE
test-1533	TRUE	TRUE
test-1534	FALSE	TRUE
test-1535	FALSE	TRUE
test-1536	FALSE	TRUE
test-1537	FALSE	TRUE
test-1538	FALSE	TRUE
test-1539	TRUE	FALSE
test-1540	TRUE	TRUE
test-1541	TRUE	FALSE
test-1542	FALSE	TRUE
test-1543	TRUE	FALSE
test-1544	FALSE	TRUE
test-1545	FALSE	TRUE
test-1546	FALSE	TRUE
test-1547	FALSE	TRUE
test-1548	FALSE	TRUE
test-1549	FALSE	TRUE
test-1550	FALSE	TRUE
test-1551	FALSE	TRUE
test-1552	FALSE	TRUE
test-1553	FALSE	TRUE
test-1554	FALSE	TRUE
test-1555	TRUE	TRUE
test-1556	TRUE	TRUE
test-1557	TRUE	FALSE
test-1558	FALSE	TRUE
test-1559	FALSE	FALSE
test-1560	TRUE	TRUE
test-1561	FALSE	TRUE
test-1562	FALSE	TRUE
test-1563	TRUE	FALSE
test-1564	TRUE	FALSE
test-1565	TRUE	TRUE
test-1566	TRUE	TRUE
test-1567	FALSE	TRUE
test-1568	FALSE	TRUE
test-1569	FALSE	TRUE
test-1570	TRUE	FALSE
test-1571	FALSE	TRUE
test-1572	FALSE	TRUE
test-1573	FALSE	TRUE
test-1574	FALSE	TRUE
test-1575	TRUE	FALSE
test-1576	FALSE	TRUE
test-1577	TRUE	FALSE
test-1578	TRUE	FALSE
test-1579	FALSE	TRUE
test-1580	FALSE	TRUE
test-1581	TRUE	TRUE
test-1582	FALSE	TRUE
test-1583	FALSE	TRUE
test-1584	FALSE	TRUE
test-1585	TRUE	TRUE
test-1586	FALSE	TRUE
test-1587	TRUE	FALSE
test-1588	TRUE	FALSE
test-1589	FALSE	TRUE
test-1590	FALSE	TRUE
test-1591	FALSE	TRUE
test-1592	FALSE	TRUE
test-1593	FALSE	TRUE
test-1594	FALSE	TRUE
test-1595	TRUE	TRUE
test-1596	TRUE	TRUE
test-1597	TRUE	FALSE
test-1598	FALSE	TRUE
test-1599	TRUE	FALSE
test-1600	FALSE	TRUE
test-1601	TRUE	TRUE
test-1602	TRUE	FALSE
test-1603	FALSE	TRUE
test-1604	TRUE	FALSE
test-1605	FALSE	TRUE
test-1606	FALSE	TRUE
test-1607	FALSE	TRUE
test-1608	FALSE	TRUE
test-1609	FALSE	TRUE
test-1610	TRUE	TRUE
test-1611	FALSE	TRUE
test-1612	FALSE	TRUE
test-1613	FALSE	TRUE
test-1614	FALSE	TRUE
test-1615	FALSE	TRUE
test-1616	TRUE	TRUE
test-1617	TRUE	TRUE
test-1618	FALSE	TRUE
test-1619	FALSE	FALSE
test-1620	FALSE	TRUE
test-1621	TRUE	FALSE
test-1622	FALSE	FALSE
test-1623	FALSE	FALSE
test-1624	FALSE	TRUE
test-1625	FALSE	TRUE
test-1626	FALSE	TRUE
test-1627	TRUE	FALSE
test-1628	TRUE	FALSE
test-1629	FALSE	TRUE
test-1630	FALSE	TRUE
test-1631	FALSE	TRUE
test-1632	FALSE	TRUE
test-1633	FALSE	TRUE
test-1634	FALSE	TRUE
test-1635	TRUE	TRUE
test-1636	TRUE	FALSE
test-1637	FALSE	TRUE
test-1638	FALSE	TRUE
test-1639	FALSE	TRUE
test-1640	FALSE	TRUE
test-1641	TRUE	TRUE
test-1642	TRUE	FALSE
test-1643	TRUE	TRUE
test-1644	TRUE	TRUE
test-1645	TRUE	TRUE
test-1646	FALSE	TRUE
test-1647	FALSE	TRUE
test-1648	TRUE	FALSE
test-1649	TRUE	TRUE
test-1650	TRUE	TRUE
test-1651	FALSE	TRUE
test-1652	TRUE	FALSE
test-1653	FALSE	TRUE
test-1654	FALSE	TRUE
test-1655	FALSE	TRUE
test-1656	FALSE	FALSE
test-1657	FALSE	TRUE
test-1658	FALSE	TRUE
test-1659	TRUE	FALSE
test-1660	TRUE	TRUE
test-1661	FALSE	TRUE
test-1662	TRUE	FALSE
test-1663	FALSE	TRUE
test-1664	FALSE	TRUE
test-1665	TRUE	FALSE
test-1666	FALSE	TRUE
test-1667	TRUE	TRUE
test-1668	TRUE	FALSE
test-1669	TRUE	TRUE
test-1670	TRUE	FALSE
test-1671	TRUE	FALSE
test-1672	FALSE	TRUE
test-1673	TRUE	TRUE
test-1674	FALSE	TRUE
test-1675	FALSE	TRUE
test-1676	FALSE	TRUE
test-1677	FALSE	TRUE
test-1678	FALSE	TRUE
test-1679	FALSE	TRUE
test-1680	FALSE	TRUE
test-1681	FALSE	TRUE
test-1682	TRUE	TRUE
test-1683	FALSE	TRUE
test-1684	FALSE	FALSE
test-1685	TRUE	TRUE
test-1686	TRUE	TRUE
test-1687	FALSE	TRUE
test-1688	FALSE	TRUE
test-1689	FALSE	TRUE
test-1690	FALSE	TRUE
test-1691	FALSE	TRUE
test-1692	FALSE	FALSE
test-1693	FALSE	FALSE
test-1694	FALSE	TRUE
test-1695	FALSE	TRUE
test-1696	FALSE	TRUE
test-1697	FALSE	TRUE
test-1698	TRUE	FALSE
test-1699	TRUE	FALSE
test-1700	FALSE	TRUE
test-1701	FALSE	TRUE
test-1702	TRUE	TRUE
test-1703	FALSE	TRUE
test-1704	TRUE	FALSE
test-1705	FALSE	TRUE
test-1706	TRUE	TRUE
test-1707	TRUE	TRUE
test-1708	FALSE	TRUE
test-1709	TRUE	TRUE
test-1710	TRUE	FALSE
test-1711	FALSE	TRUE
test-1712	FALSE	TRUE
test-1713	FALSE	TRUE
test-1714	TRUE	FALSE
test-1715	FALSE	TRUE
test-1716	FALSE	TRUE
test-1717	FALSE	FALSE
test-1718	FALSE	TRUE
test-1719	FALSE	TRUE
test-1720	FALSE	TRUE
test-1721	FALSE	TRUE
test-1722	TRUE	TRUE
test-1723	FALSE	TRUE
test-1724	FALSE	TRUE
test-1725	TRUE	FALSE
test-1726	TRUE	FALSE
test-1727	FALSE	TRUE
test-1728	TRUE	TRUE
test-1729	TRUE	FALSE
test-1730	FALSE	TRUE
test-1731	FALSE	TRUE
test-1732	FALSE	TRUE
test-1733	FALSE	TRUE
test-1734	FALSE	TRUE
test-1735	TRUE	FALSE
test-1736	TRUE	FALSE
test-1737	TRUE	TRUE
test-1738	FALSE	TRUE
test-1739	FALSE	TRUE
test-1740	FALSE	FALSE
test-1741	TRUE	FALSE
test-1742	TRUE	FALSE
test-1743	FALSE	TRUE
test-1744	FALSE	TRUE
test-1745	FALSE	TRUE
test-1746	TRUE	FALSE
test-1747	FALSE	TRUE
test-1748	FALSE	TRUE
test-1749	FALSE	TRUE
test-1750	FALSE	TRUE
test-1751	FALSE	TRUE
test-1752	FALSE	TRUE
test-1753	FALSE	TRUE
test-1754	TRUE	TRUE
test-1755	TRUE	FALSE
test-1756	FALSE	TRUE
test-1757	TRUE	TRUE
test-1758	TRUE	FALSE
test-1759	FALSE	FALSE
test-1760	FALSE	TRUE
test-1761	TRUE	TRUE
test-1762	TRUE	TRUE
test-1763	FALSE	TRUE
test-1764	FALSE	TRUE
test-1765	FALSE	TRUE
test-1766	FALSE	TRUE
test-1767	FALSE	TRUE
test-1768	FALSE	TRUE
test-1769	FALSE	TRUE
test-1770	TRUE	FALSE
test-1771	FALSE	TRUE
test-1772	FALSE	TRUE
test-1773	FALSE	TRUE
test-1774	FALSE	TRUE
test-1775	TRUE	FALSE
test-1776	TRUE	FALSE
test-1777	TRUE	FALSE
test-1778	TRUE	FALSE
test-1779	FALSE	TRUE
test-1780	FALSE	TRUE
test-1781	FALSE	TRUE
test-1782	FALSE	TRUE
test-1783	FALSE	TRUE
test-1784	FALSE	TRUE
test-1785	FALSE	TRUE
test-1786	TRUE	FALSE
test-1787	TRUE	FALSE
test-1788	TRUE	TRUE
test-1789	TRUE	FALSE
test-1790	FALSE	TRUE
test-1791	FALSE	TRUE
test-1792	FALSE	TRUE
test-1793	FALSE	TRUE
test-1794	TRUE	TRUE
test-1795	TRUE	FALSE
test-1796	TRUE	FALSE
test-1797	FALSE	TRUE
test-1798	FALSE	TRUE
test-1799	FALSE	TRUE
test-1800	FALSE	TRUE
test-1801	FALSE	TRUE
test-1802	FALSE	TRUE
test-1803	TRUE	TRUE
test-1804	TRUE	FALSE
test-1805	TRUE	FALSE
test-1806	FALSE	TRUE
test-1807	TRUE	FALSE
test-1808	TRUE	FALSE
test-1809	FALSE	TRUE
test-1810	FALSE	TRUE
test-1811	FALSE	TRUE
test-1812	TRUE	FALSE
test-1813	FALSE	TRUE
test-1814	FALSE	TRUE
test-1815	TRUE	FALSE
test-1816	FALSE	TRUE
test-1817	FALSE	TRUE
test-1818	FALSE	TRUE
test-1819	FALSE	TRUE
test-1820	FALSE	FALSE
test-1821	TRUE	FALSE
test-1822	FALSE	TRUE
test-1823	FALSE	TRUE
test-1824	FALSE	TRUE
test-1825	FALSE	TRUE
test-1826	FALSE	TRUE
test-1827	FALSE	TRUE
test-1828	FALSE	TRUE
test-1829	TRUE	FALSE
test-1830	FALSE	TRUE
test-1831	FALSE	TRUE
test-1832	FALSE	TRUE
test-1833	FALSE	TRUE
test-1834	FALSE	TRUE
test-1835	FALSE	TRUE
test-1836	TRUE	FALSE
test-1837	FALSE	TRUE
test-1838	FALSE	TRUE
test-1839	FALSE	TRUE
test-1840	FALSE	TRUE
test-1841	FALSE	TRUE
test-1842	FALSE	TRUE
test-1843	FALSE	TRUE
test-1844	FALSE	TRUE
test-1845	FALSE	TRUE
test-1846	FALSE	TRUE
test-1847	FALSE	TRUE
test-1848	FALSE	TRUE
test-1849	FALSE	TRUE
test-1850	TRUE	TRUE
test-1851	FALSE	TRUE
test-1852	TRUE	TRUE
test-1853	FALSE	TRUE
test-1854	TRUE	TRUE
test-1855	TRUE	FALSE
test-1856	FALSE	TRUE
test-1857	TRUE	FALSE
test-1858	TRUE	FALSE
test-1859	TRUE	FALSE
test-1860	FALSE	TRUE
test-1861	TRUE	FALSE
test-1862	TRUE	TRUE
test-1863	FALSE	TRUE
test-1864	FALSE	TRUE
test-1865	FALSE	TRUE
test-1866	TRUE	FALSE
test-1867	FALSE	TRUE
test-1868	FALSE	TRUE
test-1869	TRUE	TRUE
test-1870	FALSE	TRUE
test-1871	FALSE	TRUE
test-1872	FALSE	TRUE
test-1873	FALSE	TRUE
test-1874	FALSE	TRUE
test-1875	FALSE	TRUE
test-1876	FALSE	TRUE
test-1877	TRUE	FALSE
test-1878	FALSE	TRUE
test-1879	FALSE	TRUE
test-1880	TRUE	FALSE
test-1881	FALSE	TRUE
test-1882	FALSE	TRUE
test-1883	TRUE	TRUE
test-1884	TRUE	TRUE
test-1885	TRUE	TRUE
test-1886	FALSE	TRUE
test-1887	TRUE	FALSE
test-1888	FALSE	TRUE
test-1889	FALSE	TRUE
test-1890	TRUE	FALSE
test-1891	FALSE	TRUE
test-1892	TRUE	FALSE
test-1893	TRUE	TRUE
test-1894	TRUE	FALSE
test-1895	FALSE	TRUE
test-1896	TRUE	FALSE
test-1897	FALSE	TRUE
test-1898	FALSE	TRUE
test-1899	FALSE	TRUE
test-1900	FALSE	TRUE
test-1901	FALSE	FALSE
test-1902	FALSE	TRUE
test-1903	FALSE	TRUE
test-1904	FALSE	TRUE
test-1905	FALSE	TRUE
test-1906	FALSE	TRUE
test-1907	TRUE	FALSE
test-1908	TRUE	FALSE
test-1909	TRUE	TRUE
test-1910	TRUE	FALSE
test-1911	TRUE	FALSE
test-1912	TRUE	FALSE
test-1913	FALSE	TRUE
test-1914	FALSE	FALSE
test-1915	TRUE	FALSE
test-1916	FALSE	FALSE
test-1917	TRUE	FALSE
test-1918	FALSE	TRUE
test-1919	TRUE	TRUE
test-1920	TRUE	TRUE
test-1921	TRUE	FALSE
test-1922	FALSE	TRUE
test-1923	FALSE	TRUE
test-1924	FALSE	TRUE
test-1925	FALSE	TRUE
test-1926	FALSE	TRUE
test-1927	FALSE	TRUE
test-1928	TRUE	FALSE
test-1929	TRUE	FALSE
test-1930	FALSE	FALSE
test-1931	TRUE	FALSE
test-1932	TRUE	TRUE
test-1933	TRUE	FALSE
test-1934	FALSE	TRUE
test-1935	FALSE	TRUE
test-1936	TRUE	FALSE
test-1937	FALSE	TRUE
test-1938	TRUE	FALSE
test-1939	FALSE	TRUE
test-1940	FALSE	TRUE
test-1941	FALSE	TRUE
test-1942	TRUE	TRUE
test-1943	FALSE	TRUE
test-1944	FALSE	FALSE
test-1945	FALSE	TRUE
test-1946	FALSE	TRUE
test-1947	FALSE	TRUE
test-1948	TRUE	FALSE
test-1949	FALSE	TRUE
test-1950	TRUE	FALSE
test-1951	FALSE	TRUE
test-1952	TRUE	FALSE
test-1953	FALSE	TRUE
test-1954	FALSE	TRUE
test-1955	FALSE	TRUE
test-1956	TRUE	FALSE
test-1957	FALSE	TRUE
test-1958	FALSE	FALSE
test-1959	TRUE	FALSE
test-1960	FALSE	TRUE
test-1961	FALSE	TRUE
test-1962	FALSE	TRUE
test-1963	TRUE	FALSE
test-1964	FALSE	TRUE
test-1965	FALSE	TRUE
test-1966	FALSE	TRUE
test-1967	FALSE	TRUE
test-1968	FALSE	TRUE
test-1969	FALSE	TRUE
test-1970	FALSE	TRUE
test-1971	FALSE	TRUE
test-1972	FALSE	TRUE
test-1973	TRUE	FALSE
test-1974	FALSE	TRUE
test-1975	TRUE	FALSE
test-1976	TRUE	TRUE
test-1977	TRUE	FALSE
test-1978	FALSE	TRUE
test-1979	FALSE	TRUE
test-1980	TRUE	FALSE
test-1981	FALSE	TRUE
test-1982	TRUE	TRUE
test-1983	FALSE	TRUE
test-1984	FALSE	TRUE
test-1985	FALSE	TRUE
test-1986	TRUE	FALSE
test-1987	FALSE	TRUE
test-1988	FALSE	TRUE
test-1989	FALSE	TRUE
test-1990	FALSE	TRUE
test-1991	FALSE	TRUE
test-1992	FALSE	TRUE
test-1993	FALSE	TRUE
test-1994	FALSE	TRUE
test-1995	TRUE	TRUE
test-1996	FALSE	TRUE
test-1997	FALSE	TRUE
test-1998	FALSE	TRUE
test-1999	TRUE	FALSE
test-2000	TRUE	TRUE
